timeStamp,elapsed,label,responseCode,responseMessage,threadName,dataType,success,failureMessage,bytes,sentBytes,grpThreads,allThreads,URL,Latency,IdleTime,Connect
1749973890587,0,172.21.18.237 CPU,,,,,true,,0,0,0,0,null,0,0,0
1749973890590,13509,172.21.18.237 Memory,,,,,true,,0,0,0,0,null,0,0,0
1749973891599,182,172.21.18.237 CPU,,,,,true,,0,0,0,0,null,0,0,0
1749973891599,13509,172.21.18.237 Memory,,,,,true,,0,0,0,0,null,0,0,0
1749973892599,81,172.21.18.237 CPU,,,,,true,,0,0,0,0,null,0,0,0
1749973892599,13509,172.21.18.237 Memory,,,,,true,,0,0,0,0,null,0,0,0
1749973893599,0,172.21.18.237 CPU,,,,,true,,0,0,0,0,null,0,0,0
1749973893599,13509,172.21.18.237 Memory,,,,,true,,0,0,0,0,null,0,0,0
1749973894600,415,172.21.18.237 CPU,,,,,true,,0,0,0,0,null,0,0,0
1749973894600,13517,172.21.18.237 Memory,,,,,true,,0,0,0,0,null,0,0,0
1749973895601,499,172.21.18.237 CPU,,,,,true,,0,0,0,0,null,0,0,0
1749973895601,13520,172.21.18.237 Memory,,,,,true,,0,0,0,0,null,0,0,0
1749973896601,564,172.21.18.237 CPU,,,,,true,,0,0,0,0,null,0,0,0
1749973896601,13526,172.21.18.237 Memory,,,,,true,,0,0,0,0,null,0,0,0
1749973897602,2504,172.21.18.237 CPU,,,,,true,,0,0,0,0,null,0,0,0
1749973897602,13593,172.21.18.237 Memory,,,,,true,,0,0,0,0,null,0,0,0
1749973898603,1868,172.21.18.237 CPU,,,,,true,,0,0,0,0,null,0,0,0
1749973898603,13572,172.21.18.237 Memory,,,,,true,,0,0,0,0,null,0,0,0
1749973899603,1233,172.21.18.237 CPU,,,,,true,,0,0,0,0,null,0,0,0
1749973899603,13549,172.21.18.237 Memory,,,,,true,,0,0,0,0,null,0,0,0
1749973900604,4918,172.21.18.237 CPU,,,,,true,,0,0,0,0,null,0,0,0
1749973900604,13576,172.21.18.237 Memory,,,,,true,,0,0,0,0,null,0,0,0
1749973901604,2828,172.21.18.237 CPU,,,,,true,,0,0,0,0,null,0,0,0
1749973901605,13614,172.21.18.237 Memory,,,,,true,,0,0,0,0,null,0,0,0
1749973902606,3669,172.21.18.237 CPU,,,,,true,,0,0,0,0,null,0,0,0
1749973902606,13660,172.21.18.237 Memory,,,,,true,,0,0,0,0,null,0,0,0
1749973903606,4282,172.21.18.237 CPU,,,,,true,,0,0,0,0,null,0,0,0
1749973903606,13708,172.21.18.237 Memory,,,,,true,,0,0,0,0,null,0,0,0
1749973904606,4096,172.21.18.237 CPU,,,,,true,,0,0,0,0,null,0,0,0
1749973904606,13680,172.21.18.237 Memory,,,,,true,,0,0,0,0,null,0,0,0
1749973905606,3241,172.21.18.237 CPU,,,,,true,,0,0,0,0,null,0,0,0
1749973905606,13673,172.21.18.237 Memory,,,,,true,,0,0,0,0,null,0,0,0
1749973906607,5707,172.21.18.237 CPU,,,,,true,,0,0,0,0,null,0,0,0
1749973906607,13751,172.21.18.237 Memory,,,,,true,,0,0,0,0,null,0,0,0
1749973907607,7422,172.21.18.237 CPU,,,,,true,,0,0,0,0,null,0,0,0
1749973907607,13736,172.21.18.237 Memory,,,,,true,,0,0,0,0,null,0,0,0
1749973908608,6078,172.21.18.237 CPU,,,,,true,,0,0,0,0,null,0,0,0
1749973908608,13747,172.21.18.237 Memory,,,,,true,,0,0,0,0,null,0,0,0
1749973909608,8117,172.21.18.237 CPU,,,,,true,,0,0,0,0,null,0,0,0
1749973909608,13861,172.21.18.237 Memory,,,,,true,,0,0,0,0,null,0,0,0
1749973910609,10273,172.21.18.237 CPU,,,,,true,,0,0,0,0,null,0,0,0
1749973910609,13723,172.21.18.237 Memory,,,,,true,,0,0,0,0,null,0,0,0
1749973911609,10125,172.21.18.237 CPU,,,,,true,,0,0,0,0,null,0,0,0
1749973911609,13770,172.21.18.237 Memory,,,,,true,,0,0,0,0,null,0,0,0
1749973912609,10125,172.21.18.237 CPU,,,,,true,,0,0,0,0,null,0,0,0
1749973912609,13770,172.21.18.237 Memory,,,,,true,,0,0,0,0,null,0,0,0
1749973913610,10125,172.21.18.237 CPU,,,,,true,,0,0,0,0,null,0,0,0
1749973913610,13770,172.21.18.237 Memory,,,,,true,,0,0,0,0,null,0,0,0
1749973914610,10125,172.21.18.237 CPU,,,,,true,,0,0,0,0,null,0,0,0
1749973914610,13770,172.21.18.237 Memory,,,,,true,,0,0,0,0,null,0,0,0
1749973915610,8453,172.21.18.237 CPU,,,,,true,,0,0,0,0,null,0,0,0
1749973915610,13746,172.21.18.237 Memory,,,,,true,,0,0,0,0,null,0,0,0
1749973916611,7345,172.21.18.237 CPU,,,,,true,,0,0,0,0,null,0,0,0
1749973916611,13781,172.21.18.237 Memory,,,,,true,,0,0,0,0,null,0,0,0
1749973917611,11946,172.21.18.237 CPU,,,,,true,,0,0,0,0,null,0,0,0
1749973917611,13821,172.21.18.237 Memory,,,,,true,,0,0,0,0,null,0,0,0
1749973918611,10310,172.21.18.237 CPU,,,,,true,,0,0,0,0,null,0,0,0
1749973918611,13813,172.21.18.237 Memory,,,,,true,,0,0,0,0,null,0,0,0
1749973919612,13697,172.21.18.237 CPU,,,,,true,,0,0,0,0,null,0,0,0
1749973919612,13859,172.21.18.237 Memory,,,,,true,,0,0,0,0,null,0,0,0
1749973920612,10570,172.21.18.237 CPU,,,,,true,,0,0,0,0,null,0,0,0
1749973920612,13782,172.21.18.237 Memory,,,,,true,,0,0,0,0,null,0,0,0
1749973921613,11744,172.21.18.237 CPU,,,,,true,,0,0,0,0,null,0,0,0
1749973921613,13919,172.21.18.237 Memory,,,,,true,,0,0,0,0,null,0,0,0
1749973922613,11828,172.21.18.237 CPU,,,,,true,,0,0,0,0,null,0,0,0
1749973922613,13934,172.21.18.237 Memory,,,,,true,,0,0,0,0,null,0,0,0
1749973923614,11335,172.21.18.237 CPU,,,,,true,,0,0,0,0,null,0,0,0
1749973923614,13924,172.21.18.237 Memory,,,,,true,,0,0,0,0,null,0,0,0
1749973924614,12113,172.21.18.237 CPU,,,,,true,,0,0,0,0,null,0,0,0
1749973924614,14065,172.21.18.237 Memory,,,,,true,,0,0,0,0,null,0,0,0
1749973925614,14345,172.21.18.237 CPU,,,,,true,,0,0,0,0,null,0,0,0
1749973925614,14003,172.21.18.237 Memory,,,,,true,,0,0,0,0,null,0,0,0
1749973926615,14225,172.21.18.237 CPU,,,,,true,,0,0,0,0,null,0,0,0
1749973926615,13991,172.21.18.237 Memory,,,,,true,,0,0,0,0,null,0,0,0
1749973927617,19497,172.21.18.237 CPU,,,,,true,,0,0,0,0,null,0,0,0
1749973927618,14113,172.21.18.237 Memory,,,,,true,,0,0,0,0,null,0,0,0
1749973928619,17760,172.21.18.237 CPU,,,,,true,,0,0,0,0,null,0,0,0
1749973928619,14122,172.21.18.237 Memory,,,,,true,,0,0,0,0,null,0,0,0
1749973929619,27601,172.21.18.237 CPU,,,,,true,,0,0,0,0,null,0,0,0
1749973929619,14135,172.21.18.237 Memory,,,,,true,,0,0,0,0,null,0,0,0
1749973930619,12006,172.21.18.237 CPU,,,,,true,,0,0,0,0,null,0,0,0
1749973930619,14174,172.21.18.237 Memory,,,,,true,,0,0,0,0,null,0,0,0
1749973931619,55545,172.21.18.237 CPU,,,,,true,,0,0,0,0,null,0,0,0
1749973931619,14517,172.21.18.237 Memory,,,,,true,,0,0,0,0,null,0,0,0
1749973932620,15275,172.21.18.237 CPU,,,,,true,,0,0,0,0,null,0,0,0
1749973932620,14461,172.21.18.237 Memory,,,,,true,,0,0,0,0,null,0,0,0
1749973933620,24555,172.21.18.237 CPU,,,,,true,,0,0,0,0,null,0,0,0
1749973933620,14453,172.21.18.237 Memory,,,,,true,,0,0,0,0,null,0,0,0
1749973934620,19568,172.21.18.237 CPU,,,,,true,,0,0,0,0,null,0,0,0
1749973934620,14455,172.21.18.237 Memory,,,,,true,,0,0,0,0,null,0,0,0
1749973935620,18939,172.21.18.237 CPU,,,,,true,,0,0,0,0,null,0,0,0
1749973935620,14466,172.21.18.237 Memory,,,,,true,,0,0,0,0,null,0,0,0
1749973936621,21531,172.21.18.237 CPU,,,,,true,,0,0,0,0,null,0,0,0
1749973936621,14477,172.21.18.237 Memory,,,,,true,,0,0,0,0,null,0,0,0
1749973937621,18021,172.21.18.237 CPU,,,,,true,,0,0,0,0,null,0,0,0
1749973937621,14372,172.21.18.237 Memory,,,,,true,,0,0,0,0,null,0,0,0
1749973938621,17974,172.21.18.237 CPU,,,,,true,,0,0,0,0,null,0,0,0
1749973938621,14415,172.21.18.237 Memory,,,,,true,,0,0,0,0,null,0,0,0
1749973939622,19292,172.21.18.237 CPU,,,,,true,,0,0,0,0,null,0,0,0
1749973939622,14358,172.21.18.237 Memory,,,,,true,,0,0,0,0,null,0,0,0
1749973940622,17453,172.21.18.237 CPU,,,,,true,,0,0,0,0,null,0,0,0
1749973940622,14391,172.21.18.237 Memory,,,,,true,,0,0,0,0,null,0,0,0
1749973941623,17453,172.21.18.237 CPU,,,,,true,,0,0,0,0,null,0,0,0
1749973941623,14391,172.21.18.237 Memory,,,,,true,,0,0,0,0,null,0,0,0
1749973942624,17453,172.21.18.237 CPU,,,,,true,,0,0,0,0,null,0,0,0
1749973942624,14391,172.21.18.237 Memory,,,,,true,,0,0,0,0,null,0,0,0
1749973943624,17453,172.21.18.237 CPU,,,,,true,,0,0,0,0,null,0,0,0
1749973943624,14391,172.21.18.237 Memory,,,,,true,,0,0,0,0,null,0,0,0
1749973944625,19030,172.21.18.237 CPU,,,,,true,,0,0,0,0,null,0,0,0
1749973944625,14499,172.21.18.237 Memory,,,,,true,,0,0,0,0,null,0,0,0
1749973945625,17314,172.21.18.237 CPU,,,,,true,,0,0,0,0,null,0,0,0
1749973945625,14534,172.21.18.237 Memory,,,,,true,,0,0,0,0,null,0,0,0
1749973946625,20253,172.21.18.237 CPU,,,,,true,,0,0,0,0,null,0,0,0
1749973946625,14561,172.21.18.237 Memory,,,,,true,,0,0,0,0,null,0,0,0
1749973947626,21639,172.21.18.237 CPU,,,,,true,,0,0,0,0,null,0,0,0
1749973947626,14529,172.21.18.237 Memory,,,,,true,,0,0,0,0,null,0,0,0
1749973948627,19832,172.21.18.237 CPU,,,,,true,,0,0,0,0,null,0,0,0
1749973948627,14554,172.21.18.237 Memory,,,,,true,,0,0,0,0,null,0,0,0
1749973949628,20084,172.21.18.237 CPU,,,,,true,,0,0,0,0,null,0,0,0
1749973949628,14527,172.21.18.237 Memory,,,,,true,,0,0,0,0,null,0,0,0
1749973950629,15993,172.21.18.237 CPU,,,,,true,,0,0,0,0,null,0,0,0
1749973950629,14557,172.21.18.237 Memory,,,,,true,,0,0,0,0,null,0,0,0
1749973951629,18583,172.21.18.237 CPU,,,,,true,,0,0,0,0,null,0,0,0
1749973951629,14525,172.21.18.237 Memory,,,,,true,,0,0,0,0,null,0,0,0
1749973952629,12774,172.21.18.237 CPU,,,,,true,,0,0,0,0,null,0,0,0
1749973952629,14507,172.21.18.237 Memory,,,,,true,,0,0,0,0,null,0,0,0
1749973953630,25798,172.21.18.237 CPU,,,,,true,,0,0,0,0,null,0,0,0
1749973953630,14611,172.21.18.237 Memory,,,,,true,,0,0,0,0,null,0,0,0
1749973954630,15113,172.21.18.237 CPU,,,,,true,,0,0,0,0,null,0,0,0
1749973954631,14602,172.21.18.237 Memory,,,,,true,,0,0,0,0,null,0,0,0
1749973955631,18644,172.21.18.237 CPU,,,,,true,,0,0,0,0,null,0,0,0
1749973955631,14665,172.21.18.237 Memory,,,,,true,,0,0,0,0,null,0,0,0
1749973956632,11056,172.21.18.237 CPU,,,,,true,,0,0,0,0,null,0,0,0
1749973956632,14681,172.21.18.237 Memory,,,,,true,,0,0,0,0,null,0,0,0
1749973957632,24077,172.21.18.237 CPU,,,,,true,,0,0,0,0,null,0,0,0
1749973957632,14745,172.21.18.237 Memory,,,,,true,,0,0,0,0,null,0,0,0
1749973958632,20963,172.21.18.237 CPU,,,,,true,,0,0,0,0,null,0,0,0
1749973958632,14653,172.21.18.237 Memory,,,,,true,,0,0,0,0,null,0,0,0
1749973959633,17152,172.21.18.237 CPU,,,,,true,,0,0,0,0,null,0,0,0
1749973959633,14608,172.21.18.237 Memory,,,,,true,,0,0,0,0,null,0,0,0
1749973960633,16974,172.21.18.237 CPU,,,,,true,,0,0,0,0,null,0,0,0
1749973960633,14678,172.21.18.237 Memory,,,,,true,,0,0,0,0,null,0,0,0
1749973961634,11888,172.21.18.237 CPU,,,,,true,,0,0,0,0,null,0,0,0
1749973961634,14593,172.21.18.237 Memory,,,,,true,,0,0,0,0,null,0,0,0
1749973962634,23644,172.21.18.237 CPU,,,,,true,,0,0,0,0,null,0,0,0
1749973962634,14650,172.21.18.237 Memory,,,,,true,,0,0,0,0,null,0,0,0
1749973963634,19156,172.21.18.237 CPU,,,,,true,,0,0,0,0,null,0,0,0
1749973963634,14800,172.21.18.237 Memory,,,,,true,,0,0,0,0,null,0,0,0
1749973964635,19548,172.21.18.237 CPU,,,,,true,,0,0,0,0,null,0,0,0
1749973964635,14811,172.21.18.237 Memory,,,,,true,,0,0,0,0,null,0,0,0
1749973965635,13996,172.21.18.237 CPU,,,,,true,,0,0,0,0,null,0,0,0
1749973965635,14779,172.21.18.237 Memory,,,,,true,,0,0,0,0,null,0,0,0
1749973966635,17362,172.21.18.237 CPU,,,,,true,,0,0,0,0,null,0,0,0
1749973966635,14670,172.21.18.237 Memory,,,,,true,,0,0,0,0,null,0,0,0
1749973967635,16526,172.21.18.237 CPU,,,,,true,,0,0,0,0,null,0,0,0
1749973967635,14777,172.21.18.237 Memory,,,,,true,,0,0,0,0,null,0,0,0
1749973968636,17310,172.21.18.237 CPU,,,,,true,,0,0,0,0,null,0,0,0
1749973968636,14793,172.21.18.237 Memory,,,,,true,,0,0,0,0,null,0,0,0
1749973969636,18964,172.21.18.237 CPU,,,,,true,,0,0,0,0,null,0,0,0
1749973969636,14699,172.21.18.237 Memory,,,,,true,,0,0,0,0,null,0,0,0
1749973970636,18786,172.21.18.237 CPU,,,,,true,,0,0,0,0,null,0,0,0
1749973970636,14940,172.21.18.237 Memory,,,,,true,,0,0,0,0,null,0,0,0
1749973971637,18786,172.21.18.237 CPU,,,,,true,,0,0,0,0,null,0,0,0
1749973971637,14940,172.21.18.237 Memory,,,,,true,,0,0,0,0,null,0,0,0
1749973972637,18786,172.21.18.237 CPU,,,,,true,,0,0,0,0,null,0,0,0
1749973972637,14940,172.21.18.237 Memory,,,,,true,,0,0,0,0,null,0,0,0
1749973973638,18786,172.21.18.237 CPU,,,,,true,,0,0,0,0,null,0,0,0
1749973973638,14940,172.21.18.237 Memory,,,,,true,,0,0,0,0,null,0,0,0
1749973974638,20156,172.21.18.237 CPU,,,,,true,,0,0,0,0,null,0,0,0
1749973974638,14840,172.21.18.237 Memory,,,,,true,,0,0,0,0,null,0,0,0
1749973975639,20320,172.21.18.237 CPU,,,,,true,,0,0,0,0,null,0,0,0
1749973975639,14786,172.21.18.237 Memory,,,,,true,,0,0,0,0,null,0,0,0
1749973976639,14237,172.21.18.237 CPU,,,,,true,,0,0,0,0,null,0,0,0
1749973976639,14834,172.21.18.237 Memory,,,,,true,,0,0,0,0,null,0,0,0
1749973977639,22689,172.21.18.237 CPU,,,,,true,,0,0,0,0,null,0,0,0
1749973977639,14747,172.21.18.237 Memory,,,,,true,,0,0,0,0,null,0,0,0
1749973978640,18902,172.21.18.237 CPU,,,,,true,,0,0,0,0,null,0,0,0
1749973978641,14800,172.21.18.237 Memory,,,,,true,,0,0,0,0,null,0,0,0
1749973979642,17701,172.21.18.237 CPU,,,,,true,,0,0,0,0,null,0,0,0
1749973979642,14849,172.21.18.237 Memory,,,,,true,,0,0,0,0,null,0,0,0
1749973980642,17314,172.21.18.237 CPU,,,,,true,,0,0,0,0,null,0,0,0
1749973980642,14836,172.21.18.237 Memory,,,,,true,,0,0,0,0,null,0,0,0
1749973981642,15306,172.21.18.237 CPU,,,,,true,,0,0,0,0,null,0,0,0
1749973981642,14843,172.21.18.237 Memory,,,,,true,,0,0,0,0,null,0,0,0
1749973982643,16933,172.21.18.237 CPU,,,,,true,,0,0,0,0,null,0,0,0
1749973982643,14784,172.21.18.237 Memory,,,,,true,,0,0,0,0,null,0,0,0
1749973983643,22654,172.21.18.237 CPU,,,,,true,,0,0,0,0,null,0,0,0
1749973983643,14918,172.21.18.237 Memory,,,,,true,,0,0,0,0,null,0,0,0
1749973984643,18896,172.21.18.237 CPU,,,,,true,,0,0,0,0,null,0,0,0
1749973984643,14821,172.21.18.237 Memory,,,,,true,,0,0,0,0,null,0,0,0
1749973985644,15740,172.21.18.237 CPU,,,,,true,,0,0,0,0,null,0,0,0
1749973985644,14847,172.21.18.237 Memory,,,,,true,,0,0,0,0,null,0,0,0
1749973986644,18403,172.21.18.237 CPU,,,,,true,,0,0,0,0,null,0,0,0
1749973986644,14823,172.21.18.237 Memory,,,,,true,,0,0,0,0,null,0,0,0
1749973987644,13807,172.21.18.237 CPU,,,,,true,,0,0,0,0,null,0,0,0
1749973987644,14876,172.21.18.237 Memory,,,,,true,,0,0,0,0,null,0,0,0
1749973988644,14827,172.21.18.237 CPU,,,,,true,,0,0,0,0,null,0,0,0
1749973988644,14899,172.21.18.237 Memory,,,,,true,,0,0,0,0,null,0,0,0
1749973989644,17310,172.21.18.237 CPU,,,,,true,,0,0,0,0,null,0,0,0
1749973989644,14918,172.21.18.237 Memory,,,,,true,,0,0,0,0,null,0,0,0
1749973990644,15230,172.21.18.237 CPU,,,,,true,,0,0,0,0,null,0,0,0
1749973990644,14912,172.21.18.237 Memory,,,,,true,,0,0,0,0,null,0,0,0
1749973991644,27645,172.21.18.237 CPU,,,,,true,,0,0,0,0,null,0,0,0
1749973991644,14939,172.21.18.237 Memory,,,,,true,,0,0,0,0,null,0,0,0
1749973992645,23682,172.21.18.237 CPU,,,,,true,,0,0,0,0,null,0,0,0
1749973992645,14923,172.21.18.237 Memory,,,,,true,,0,0,0,0,null,0,0,0
1749973993645,16499,172.21.18.237 CPU,,,,,true,,0,0,0,0,null,0,0,0
1749973993645,14902,172.21.18.237 Memory,,,,,true,,0,0,0,0,null,0,0,0
1749973994645,21967,172.21.18.237 CPU,,,,,true,,0,0,0,0,null,0,0,0
1749973994645,14876,172.21.18.237 Memory,,,,,true,,0,0,0,0,null,0,0,0
1749973995646,23573,172.21.18.237 CPU,,,,,true,,0,0,0,0,null,0,0,0
1749973995646,14837,172.21.18.237 Memory,,,,,true,,0,0,0,0,null,0,0,0
1749973996646,15113,172.21.18.237 CPU,,,,,true,,0,0,0,0,null,0,0,0
1749973996646,14934,172.21.18.237 Memory,,,,,true,,0,0,0,0,null,0,0,0
1749973997647,51198,172.21.18.237 CPU,,,,,true,,0,0,0,0,null,0,0,0
1749973997647,15151,172.21.18.237 Memory,,,,,true,,0,0,0,0,null,0,0,0
1749973998647,28244,172.21.18.237 CPU,,,,,true,,0,0,0,0,null,0,0,0
1749973998647,15184,172.21.18.237 Memory,,,,,true,,0,0,0,0,null,0,0,0
1749973999647,22804,172.21.18.237 CPU,,,,,true,,0,0,0,0,null,0,0,0
1749973999647,15199,172.21.18.237 Memory,,,,,true,,0,0,0,0,null,0,0,0
1749974000647,23534,172.21.18.237 CPU,,,,,true,,0,0,0,0,null,0,0,0
1749974000647,15239,172.21.18.237 Memory,,,,,true,,0,0,0,0,null,0,0,0
1749974001648,23534,172.21.18.237 CPU,,,,,true,,0,0,0,0,null,0,0,0
1749974001648,15239,172.21.18.237 Memory,,,,,true,,0,0,0,0,null,0,0,0
1749974002648,23534,172.21.18.237 CPU,,,,,true,,0,0,0,0,null,0,0,0
1749974002648,15239,172.21.18.237 Memory,,,,,true,,0,0,0,0,null,0,0,0
1749974003648,23534,172.21.18.237 CPU,,,,,true,,0,0,0,0,null,0,0,0
1749974003648,15239,172.21.18.237 Memory,,,,,true,,0,0,0,0,null,0,0,0
1749974004649,17345,172.21.18.237 CPU,,,,,true,,0,0,0,0,null,0,0,0
1749974004649,15168,172.21.18.237 Memory,,,,,true,,0,0,0,0,null,0,0,0
1749974005649,16567,172.21.18.237 CPU,,,,,true,,0,0,0,0,null,0,0,0
1749974005649,15236,172.21.18.237 Memory,,,,,true,,0,0,0,0,null,0,0,0
1749974006650,19083,172.21.18.237 CPU,,,,,true,,0,0,0,0,null,0,0,0
1749974006650,15166,172.21.18.237 Memory,,,,,true,,0,0,0,0,null,0,0,0
1749974007650,16286,172.21.18.237 CPU,,,,,true,,0,0,0,0,null,0,0,0
1749974007650,15172,172.21.18.237 Memory,,,,,true,,0,0,0,0,null,0,0,0
1749974008651,18410,172.21.18.237 CPU,,,,,true,,0,0,0,0,null,0,0,0
1749974008651,15229,172.21.18.237 Memory,,,,,true,,0,0,0,0,null,0,0,0
1749974009651,18212,172.21.18.237 CPU,,,,,true,,0,0,0,0,null,0,0,0
1749974009651,15188,172.21.18.237 Memory,,,,,true,,0,0,0,0,null,0,0,0
1749974010652,23744,172.21.18.237 CPU,,,,,true,,0,0,0,0,null,0,0,0
1749974010652,15140,172.21.18.237 Memory,,,,,true,,0,0,0,0,null,0,0,0
1749974011652,16779,172.21.18.237 CPU,,,,,true,,0,0,0,0,null,0,0,0
1749974011652,15164,172.21.18.237 Memory,,,,,true,,0,0,0,0,null,0,0,0
1749974012652,17058,172.21.18.237 CPU,,,,,true,,0,0,0,0,null,0,0,0
1749974012652,15201,172.21.18.237 Memory,,,,,true,,0,0,0,0,null,0,0,0
1749974013652,19611,172.21.18.237 CPU,,,,,true,,0,0,0,0,null,0,0,0
1749974013652,15274,172.21.18.237 Memory,,,,,true,,0,0,0,0,null,0,0,0
1749974014653,21550,172.21.18.237 CPU,,,,,true,,0,0,0,0,null,0,0,0
1749974014653,15306,172.21.18.237 Memory,,,,,true,,0,0,0,0,null,0,0,0
1749974015653,12016,172.21.18.237 CPU,,,,,true,,0,0,0,0,null,0,0,0
1749974015653,15297,172.21.18.237 Memory,,,,,true,,0,0,0,0,null,0,0,0
1749974016654,23148,172.21.18.237 CPU,,,,,true,,0,0,0,0,null,0,0,0
1749974016654,15247,172.21.18.237 Memory,,,,,true,,0,0,0,0,null,0,0,0
1749974017654,15228,172.21.18.237 CPU,,,,,true,,0,0,0,0,null,0,0,0
1749974017654,15201,172.21.18.237 Memory,,,,,true,,0,0,0,0,null,0,0,0
1749974018654,20896,172.21.18.237 CPU,,,,,true,,0,0,0,0,null,0,0,0
1749974018654,15203,172.21.18.237 Memory,,,,,true,,0,0,0,0,null,0,0,0
1749974019655,15780,172.21.18.237 CPU,,,,,true,,0,0,0,0,null,0,0,0
1749974019655,15228,172.21.18.237 Memory,,,,,true,,0,0,0,0,null,0,0,0
1749974020655,17261,172.21.18.237 CPU,,,,,true,,0,0,0,0,null,0,0,0
1749974020655,15227,172.21.18.237 Memory,,,,,true,,0,0,0,0,null,0,0,0
1749974021656,18296,172.21.18.237 CPU,,,,,true,,0,0,0,0,null,0,0,0
1749974021656,15305,172.21.18.237 Memory,,,,,true,,0,0,0,0,null,0,0,0
1749974022656,17572,172.21.18.237 CPU,,,,,true,,0,0,0,0,null,0,0,0
1749974022656,15202,172.21.18.237 Memory,,,,,true,,0,0,0,0,null,0,0,0
1749974023657,19043,172.21.18.237 CPU,,,,,true,,0,0,0,0,null,0,0,0
1749974023657,15272,172.21.18.237 Memory,,,,,true,,0,0,0,0,null,0,0,0
1749974024657,13197,172.21.18.237 CPU,,,,,true,,0,0,0,0,null,0,0,0
1749974024657,15247,172.21.18.237 Memory,,,,,true,,0,0,0,0,null,0,0,0
1749974025659,17953,172.21.18.237 CPU,,,,,true,,0,0,0,0,null,0,0,0
1749974025659,15182,172.21.18.237 Memory,,,,,true,,0,0,0,0,null,0,0,0
1749974026659,16090,172.21.18.237 CPU,,,,,true,,0,0,0,0,null,0,0,0
1749974026659,15169,172.21.18.237 Memory,,,,,true,,0,0,0,0,null,0,0,0
1749974027661,17563,172.21.18.237 CPU,,,,,true,,0,0,0,0,null,0,0,0
1749974027661,15299,172.21.18.237 Memory,,,,,true,,0,0,0,0,null,0,0,0
1749974028661,18035,172.21.18.237 CPU,,,,,true,,0,0,0,0,null,0,0,0
1749974028661,15378,172.21.18.237 Memory,,,,,true,,0,0,0,0,null,0,0,0
1749974029661,24619,172.21.18.237 CPU,,,,,true,,0,0,0,0,null,0,0,0
1749974029661,15349,172.21.18.237 Memory,,,,,true,,0,0,0,0,null,0,0,0
1749974030661,19729,172.21.18.237 CPU,,,,,true,,0,0,0,0,null,0,0,0
1749974030661,15310,172.21.18.237 Memory,,,,,true,,0,0,0,0,null,0,0,0
1749974031662,19729,172.21.18.237 CPU,,,,,true,,0,0,0,0,null,0,0,0
1749974031662,15310,172.21.18.237 Memory,,,,,true,,0,0,0,0,null,0,0,0
1749974032663,19729,172.21.18.237 CPU,,,,,true,,0,0,0,0,null,0,0,0
1749974032664,15310,172.21.18.237 Memory,,,,,true,,0,0,0,0,null,0,0,0
1749974033664,19729,172.21.18.237 CPU,,,,,true,,0,0,0,0,null,0,0,0
1749974033664,15310,172.21.18.237 Memory,,,,,true,,0,0,0,0,null,0,0,0
1749974034664,20603,172.21.18.237 CPU,,,,,true,,0,0,0,0,null,0,0,0
1749974034664,15328,172.21.18.237 Memory,,,,,true,,0,0,0,0,null,0,0,0
1749974035664,22335,172.21.18.237 CPU,,,,,true,,0,0,0,0,null,0,0,0
1749974035664,15406,172.21.18.237 Memory,,,,,true,,0,0,0,0,null,0,0,0
1749974036665,26116,172.21.18.237 CPU,,,,,true,,0,0,0,0,null,0,0,0
1749974036665,15445,172.21.18.237 Memory,,,,,true,,0,0,0,0,null,0,0,0
1749974037665,11814,172.21.18.237 CPU,,,,,true,,0,0,0,0,null,0,0,0
1749974037665,15440,172.21.18.237 Memory,,,,,true,,0,0,0,0,null,0,0,0
1749974038666,17453,172.21.18.237 CPU,,,,,true,,0,0,0,0,null,0,0,0
1749974038666,15427,172.21.18.237 Memory,,,,,true,,0,0,0,0,null,0,0,0
1749974039666,12781,172.21.18.237 CPU,,,,,true,,0,0,0,0,null,0,0,0
1749974039666,15330,172.21.18.237 Memory,,,,,true,,0,0,0,0,null,0,0,0
1749974040667,18312,172.21.18.237 CPU,,,,,true,,0,0,0,0,null,0,0,0
1749974040667,15388,172.21.18.237 Memory,,,,,true,,0,0,0,0,null,0,0,0
1749974041667,15462,172.21.18.237 CPU,,,,,true,,0,0,0,0,null,0,0,0
1749974041667,15262,172.21.18.237 Memory,,,,,true,,0,0,0,0,null,0,0,0
1749974042668,22120,172.21.18.237 CPU,,,,,true,,0,0,0,0,null,0,0,0
1749974042668,15299,172.21.18.237 Memory,,,,,true,,0,0,0,0,null,0,0,0
1749974043668,20337,172.21.18.237 CPU,,,,,true,,0,0,0,0,null,0,0,0
1749974043669,15226,172.21.18.237 Memory,,,,,true,,0,0,0,0,null,0,0,0
1749974044669,20334,172.21.18.237 CPU,,,,,true,,0,0,0,0,null,0,0,0
1749974044669,15226,172.21.18.237 Memory,,,,,true,,0,0,0,0,null,0,0,0
1749974045669,12646,172.21.18.237 CPU,,,,,true,,0,0,0,0,null,0,0,0
1749974045669,15170,172.21.18.237 Memory,,,,,true,,0,0,0,0,null,0,0,0
1749974046669,18374,172.21.18.237 CPU,,,,,true,,0,0,0,0,null,0,0,0
1749974046669,15262,172.21.18.237 Memory,,,,,true,,0,0,0,0,null,0,0,0
1749974047670,22914,172.21.18.237 CPU,,,,,true,,0,0,0,0,null,0,0,0
1749974047670,15289,172.21.18.237 Memory,,,,,true,,0,0,0,0,null,0,0,0
1749974048670,14886,172.21.18.237 CPU,,,,,true,,0,0,0,0,null,0,0,0
1749974048670,15209,172.21.18.237 Memory,,,,,true,,0,0,0,0,null,0,0,0
1749974049671,17959,172.21.18.237 CPU,,,,,true,,0,0,0,0,null,0,0,0
1749974049671,15270,172.21.18.237 Memory,,,,,true,,0,0,0,0,null,0,0,0
1749974050671,14237,172.21.18.237 CPU,,,,,true,,0,0,0,0,null,0,0,0
1749974050671,15248,172.21.18.237 Memory,,,,,true,,0,0,0,0,null,0,0,0
1749974051671,17062,172.21.18.237 CPU,,,,,true,,0,0,0,0,null,0,0,0
1749974051671,15198,172.21.18.237 Memory,,,,,true,,0,0,0,0,null,0,0,0
1749974052672,16820,172.21.18.237 CPU,,,,,true,,0,0,0,0,null,0,0,0
1749974052672,15344,172.21.18.237 Memory,,,,,true,,0,0,0,0,null,0,0,0
1749974053672,25779,172.21.18.237 CPU,,,,,true,,0,0,0,0,null,0,0,0
1749974053672,15301,172.21.18.237 Memory,,,,,true,,0,0,0,0,null,0,0,0
1749974054673,12594,172.21.18.237 CPU,,,,,true,,0,0,0,0,null,0,0,0
1749974054673,15304,172.21.18.237 Memory,,,,,true,,0,0,0,0,null,0,0,0
1749974055673,27151,172.21.18.237 CPU,,,,,true,,0,0,0,0,null,0,0,0
1749974055673,15346,172.21.18.237 Memory,,,,,true,,0,0,0,0,null,0,0,0
1749974056673,11363,172.21.18.237 CPU,,,,,true,,0,0,0,0,null,0,0,0
1749974056673,15286,172.21.18.237 Memory,,,,,true,,0,0,0,0,null,0,0,0
1749974057674,21356,172.21.18.237 CPU,,,,,true,,0,0,0,0,null,0,0,0
1749974057674,15337,172.21.18.237 Memory,,,,,true,,0,0,0,0,null,0,0,0
1749974058674,15701,172.21.18.237 CPU,,,,,true,,0,0,0,0,null,0,0,0
1749974058674,15227,172.21.18.237 Memory,,,,,true,,0,0,0,0,null,0,0,0
1749974059674,14201,172.21.18.237 CPU,,,,,true,,0,0,0,0,null,0,0,0
1749974059674,15256,172.21.18.237 Memory,,,,,true,,0,0,0,0,null,0,0,0
1749974060675,21537,172.21.18.237 CPU,,,,,true,,0,0,0,0,null,0,0,0
1749974060675,15269,172.21.18.237 Memory,,,,,true,,0,0,0,0,null,0,0,0
1749974061675,21537,172.21.18.237 CPU,,,,,true,,0,0,0,0,null,0,0,0
1749974061675,15269,172.21.18.237 Memory,,,,,true,,0,0,0,0,null,0,0,0
1749974062676,21537,172.21.18.237 CPU,,,,,true,,0,0,0,0,null,0,0,0
1749974062676,15269,172.21.18.237 Memory,,,,,true,,0,0,0,0,null,0,0,0
1749974063676,21537,172.21.18.237 CPU,,,,,true,,0,0,0,0,null,0,0,0
1749974063676,15269,172.21.18.237 Memory,,,,,true,,0,0,0,0,null,0,0,0
1749974064676,25883,172.21.18.237 CPU,,,,,true,,0,0,0,0,null,0,0,0
1749974064676,15391,172.21.18.237 Memory,,,,,true,,0,0,0,0,null,0,0,0
1749974065677,24512,172.21.18.237 CPU,,,,,true,,0,0,0,0,null,0,0,0
1749974065677,15344,172.21.18.237 Memory,,,,,true,,0,0,0,0,null,0,0,0
1749974066677,18251,172.21.18.237 CPU,,,,,true,,0,0,0,0,null,0,0,0
1749974066677,15347,172.21.18.237 Memory,,,,,true,,0,0,0,0,null,0,0,0
1749974067678,17725,172.21.18.237 CPU,,,,,true,,0,0,0,0,null,0,0,0
1749974067679,15304,172.21.18.237 Memory,,,,,true,,0,0,0,0,null,0,0,0
1749974068679,20101,172.21.18.237 CPU,,,,,true,,0,0,0,0,null,0,0,0
1749974068679,15278,172.21.18.237 Memory,,,,,true,,0,0,0,0,null,0,0,0
1749974069679,15952,172.21.18.237 CPU,,,,,true,,0,0,0,0,null,0,0,0
1749974069679,15323,172.21.18.237 Memory,,,,,true,,0,0,0,0,null,0,0,0
1749974070679,16609,172.21.18.237 CPU,,,,,true,,0,0,0,0,null,0,0,0
1749974070679,15288,172.21.18.237 Memory,,,,,true,,0,0,0,0,null,0,0,0
1749974071680,16526,172.21.18.237 CPU,,,,,true,,0,0,0,0,null,0,0,0
1749974071681,15180,172.21.18.237 Memory,,,,,true,,0,0,0,0,null,0,0,0
1749974072681,22194,172.21.18.237 CPU,,,,,true,,0,0,0,0,null,0,0,0
1749974072681,15228,172.21.18.237 Memory,,,,,true,,0,0,0,0,null,0,0,0
1749974073681,18559,172.21.18.237 CPU,,,,,true,,0,0,0,0,null,0,0,0
1749974073681,15292,172.21.18.237 Memory,,,,,true,,0,0,0,0,null,0,0,0
1749974074682,23391,172.21.18.237 CPU,,,,,true,,0,0,0,0,null,0,0,0
1749974074682,15322,172.21.18.237 Memory,,,,,true,,0,0,0,0,null,0,0,0
1749974075682,26480,172.21.18.237 CPU,,,,,true,,0,0,0,0,null,0,0,0
1749974075682,15392,172.21.18.237 Memory,,,,,true,,0,0,0,0,null,0,0,0
1749974076683,14368,172.21.18.237 CPU,,,,,true,,0,0,0,0,null,0,0,0
1749974076683,15233,172.21.18.237 Memory,,,,,true,,0,0,0,0,null,0,0,0
1749974077683,16554,172.21.18.237 CPU,,,,,true,,0,0,0,0,null,0,0,0
1749974077683,15258,172.21.18.237 Memory,,,,,true,,0,0,0,0,null,0,0,0
1749974078684,14405,172.21.18.237 CPU,,,,,true,,0,0,0,0,null,0,0,0
1749974078684,15270,172.21.18.237 Memory,,,,,true,,0,0,0,0,null,0,0,0
1749974079684,16805,172.21.18.237 CPU,,,,,true,,0,0,0,0,null,0,0,0
1749974079684,15331,172.21.18.237 Memory,,,,,true,,0,0,0,0,null,0,0,0
1749974080684,13153,172.21.18.237 CPU,,,,,true,,0,0,0,0,null,0,0,0
1749974080684,15222,172.21.18.237 Memory,,,,,true,,0,0,0,0,null,0,0,0
1749974081684,19324,172.21.18.237 CPU,,,,,true,,0,0,0,0,null,0,0,0
1749974081684,15402,172.21.18.237 Memory,,,,,true,,0,0,0,0,null,0,0,0
1749974082685,18073,172.21.18.237 CPU,,,,,true,,0,0,0,0,null,0,0,0
1749974082685,15265,172.21.18.237 Memory,,,,,true,,0,0,0,0,null,0,0,0
1749974083685,22006,172.21.18.237 CPU,,,,,true,,0,0,0,0,null,0,0,0
1749974083685,15331,172.21.18.237 Memory,,,,,true,,0,0,0,0,null,0,0,0
1749974084685,15701,172.21.18.237 CPU,,,,,true,,0,0,0,0,null,0,0,0
1749974084685,15280,172.21.18.237 Memory,,,,,true,,0,0,0,0,null,0,0,0
1749974085685,21301,172.21.18.237 CPU,,,,,true,,0,0,0,0,null,0,0,0
1749974085685,15218,172.21.18.237 Memory,,,,,true,,0,0,0,0,null,0,0,0
1749974086686,17582,172.21.18.237 CPU,,,,,true,,0,0,0,0,null,0,0,0
1749974086686,15311,172.21.18.237 Memory,,,,,true,,0,0,0,0,null,0,0,0
1749974087687,20634,172.21.18.237 CPU,,,,,true,,0,0,0,0,null,0,0,0
1749974087687,15336,172.21.18.237 Memory,,,,,true,,0,0,0,0,null,0,0,0
1749974088687,17174,172.21.18.237 CPU,,,,,true,,0,0,0,0,null,0,0,0
1749974088687,15210,172.21.18.237 Memory,,,,,true,,0,0,0,0,null,0,0,0
1749974089687,11221,172.21.18.237 CPU,,,,,true,,0,0,0,0,null,0,0,0
1749974089687,15176,172.21.18.237 Memory,,,,,true,,0,0,0,0,null,0,0,0
1749974090688,19512,172.21.18.237 CPU,,,,,true,,0,0,0,0,null,0,0,0
1749974090688,15318,172.21.18.237 Memory,,,,,true,,0,0,0,0,null,0,0,0
1749974091689,19512,172.21.18.237 CPU,,,,,true,,0,0,0,0,null,0,0,0
1749974091689,15318,172.21.18.237 Memory,,,,,true,,0,0,0,0,null,0,0,0
1749974092689,19512,172.21.18.237 CPU,,,,,true,,0,0,0,0,null,0,0,0
1749974092689,15318,172.21.18.237 Memory,,,,,true,,0,0,0,0,null,0,0,0
1749974093689,19512,172.21.18.237 CPU,,,,,true,,0,0,0,0,null,0,0,0
1749974093689,15318,172.21.18.237 Memory,,,,,true,,0,0,0,0,null,0,0,0
1749974094690,20273,172.21.18.237 CPU,,,,,true,,0,0,0,0,null,0,0,0
1749974094690,15335,172.21.18.237 Memory,,,,,true,,0,0,0,0,null,0,0,0
1749974095691,33644,172.21.18.237 CPU,,,,,true,,0,0,0,0,null,0,0,0
1749974095691,15356,172.21.18.237 Memory,,,,,true,,0,0,0,0,null,0,0,0
1749974096692,17365,172.21.18.237 CPU,,,,,true,,0,0,0,0,null,0,0,0
1749974096692,15254,172.21.18.237 Memory,,,,,true,,0,0,0,0,null,0,0,0
1749974097692,16482,172.21.18.237 CPU,,,,,true,,0,0,0,0,null,0,0,0
1749974097692,15273,172.21.18.237 Memory,,,,,true,,0,0,0,0,null,0,0,0
1749974098693,14345,172.21.18.237 CPU,,,,,true,,0,0,0,0,null,0,0,0
1749974098693,15254,172.21.18.237 Memory,,,,,true,,0,0,0,0,null,0,0,0
1749974099694,16401,172.21.18.237 CPU,,,,,true,,0,0,0,0,null,0,0,0
1749974099694,15363,172.21.18.237 Memory,,,,,true,,0,0,0,0,null,0,0,0
1749974100694,19627,172.21.18.237 CPU,,,,,true,,0,0,0,0,null,0,0,0
1749974100694,15356,172.21.18.237 Memory,,,,,true,,0,0,0,0,null,0,0,0
1749974101694,22203,172.21.18.237 CPU,,,,,true,,0,0,0,0,null,0,0,0
1749974101694,15359,172.21.18.237 Memory,,,,,true,,0,0,0,0,null,0,0,0
1749974102694,14681,172.21.18.237 CPU,,,,,true,,0,0,0,0,null,0,0,0
1749974102694,15228,172.21.18.237 Memory,,,,,true,,0,0,0,0,null,0,0,0
1749974103694,19493,172.21.18.237 CPU,,,,,true,,0,0,0,0,null,0,0,0
1749974103694,15262,172.21.18.237 Memory,,,,,true,,0,0,0,0,null,0,0,0
1749974104695,20575,172.21.18.237 CPU,,,,,true,,0,0,0,0,null,0,0,0
1749974104695,15359,172.21.18.237 Memory,,,,,true,,0,0,0,0,null,0,0,0
1749974105695,15164,172.21.18.237 CPU,,,,,true,,0,0,0,0,null,0,0,0
1749974105695,15297,172.21.18.237 Memory,,,,,true,,0,0,0,0,null,0,0,0
1749974106696,12626,172.21.18.237 CPU,,,,,true,,0,0,0,0,null,0,0,0
1749974106696,15253,172.21.18.237 Memory,,,,,true,,0,0,0,0,null,0,0,0
1749974107697,15846,172.21.18.237 CPU,,,,,true,,0,0,0,0,null,0,0,0
1749974107697,15307,172.21.18.237 Memory,,,,,true,,0,0,0,0,null,0,0,0
1749974108697,23598,172.21.18.237 CPU,,,,,true,,0,0,0,0,null,0,0,0
1749974108697,15330,172.21.18.237 Memory,,,,,true,,0,0,0,0,null,0,0,0
1749974109698,14957,172.21.18.237 CPU,,,,,true,,0,0,0,0,null,0,0,0
1749974109698,15277,172.21.18.237 Memory,,,,,true,,0,0,0,0,null,0,0,0
1749974110698,15159,172.21.18.237 CPU,,,,,true,,0,0,0,0,null,0,0,0
1749974110698,15292,172.21.18.237 Memory,,,,,true,,0,0,0,0,null,0,0,0
1749974111698,22670,172.21.18.237 CPU,,,,,true,,0,0,0,0,null,0,0,0
1749974111698,15327,172.21.18.237 Memory,,,,,true,,0,0,0,0,null,0,0,0
1749974112698,23728,172.21.18.237 CPU,,,,,true,,0,0,0,0,null,0,0,0
1749974112699,15533,172.21.18.237 Memory,,,,,true,,0,0,0,0,null,0,0,0
1749974113699,21838,172.21.18.237 CPU,,,,,true,,0,0,0,0,null,0,0,0
1749974113699,15516,172.21.18.237 Memory,,,,,true,,0,0,0,0,null,0,0,0
1749974114699,20727,172.21.18.237 CPU,,,,,true,,0,0,0,0,null,0,0,0
1749974114699,15451,172.21.18.237 Memory,,,,,true,,0,0,0,0,null,0,0,0
1749974115700,14021,172.21.18.237 CPU,,,,,true,,0,0,0,0,null,0,0,0
1749974115700,15323,172.21.18.237 Memory,,,,,true,,0,0,0,0,null,0,0,0
1749974116701,11596,172.21.18.237 CPU,,,,,true,,0,0,0,0,null,0,0,0
1749974116701,15263,172.21.18.237 Memory,,,,,true,,0,0,0,0,null,0,0,0
1749974117701,14720,172.21.18.237 CPU,,,,,true,,0,0,0,0,null,0,0,0
1749974117701,15327,172.21.18.237 Memory,,,,,true,,0,0,0,0,null,0,0,0
1749974118701,21596,172.21.18.237 CPU,,,,,true,,0,0,0,0,null,0,0,0
1749974118701,15323,172.21.18.237 Memory,,,,,true,,0,0,0,0,null,0,0,0
1749974119701,13445,172.21.18.237 CPU,,,,,true,,0,0,0,0,null,0,0,0
1749974119703,15254,172.21.18.237 Memory,,,,,true,,0,0,0,0,null,0,0,0
1749974120703,28595,172.21.18.237 CPU,,,,,true,,0,0,0,0,null,0,0,0
1749974120703,15351,172.21.18.237 Memory,,,,,true,,0,0,0,0,null,0,0,0
1749974121704,28595,172.21.18.237 CPU,,,,,true,,0,0,0,0,null,0,0,0
1749974121704,15351,172.21.18.237 Memory,,,,,true,,0,0,0,0,null,0,0,0
1749974122705,28595,172.21.18.237 CPU,,,,,true,,0,0,0,0,null,0,0,0
1749974122705,15351,172.21.18.237 Memory,,,,,true,,0,0,0,0,null,0,0,0
1749974123705,28595,172.21.18.237 CPU,,,,,true,,0,0,0,0,null,0,0,0
1749974123706,15351,172.21.18.237 Memory,,,,,true,,0,0,0,0,null,0,0,0
1749974124707,17743,172.21.18.237 CPU,,,,,true,,0,0,0,0,null,0,0,0
1749974124707,15282,172.21.18.237 Memory,,,,,true,,0,0,0,0,null,0,0,0
1749974125707,18350,172.21.18.237 CPU,,,,,true,,0,0,0,0,null,0,0,0
1749974125707,15344,172.21.18.237 Memory,,,,,true,,0,0,0,0,null,0,0,0
1749974126707,20506,172.21.18.237 CPU,,,,,true,,0,0,0,0,null,0,0,0
1749974126708,15315,172.21.18.237 Memory,,,,,true,,0,0,0,0,null,0,0,0
1749974127708,19411,172.21.18.237 CPU,,,,,true,,0,0,0,0,null,0,0,0
1749974127708,15286,172.21.18.237 Memory,,,,,true,,0,0,0,0,null,0,0,0
1749974128708,22259,172.21.18.237 CPU,,,,,true,,0,0,0,0,null,0,0,0
1749974128708,15555,172.21.18.237 Memory,,,,,true,,0,0,0,0,null,0,0,0
1749974129709,44690,172.21.18.237 CPU,,,,,true,,0,0,0,0,null,0,0,0
1749974129709,15383,172.21.18.237 Memory,,,,,true,,0,0,0,0,null,0,0,0
1749974130709,18434,172.21.18.237 CPU,,,,,true,,0,0,0,0,null,0,0,0
1749974130709,15450,172.21.18.237 Memory,,,,,true,,0,0,0,0,null,0,0,0
1749974131710,24787,172.21.18.237 CPU,,,,,true,,0,0,0,0,null,0,0,0
1749974131710,15463,172.21.18.237 Memory,,,,,true,,0,0,0,0,null,0,0,0
1749974132710,14453,172.21.18.237 CPU,,,,,true,,0,0,0,0,null,0,0,0
1749974132710,15417,172.21.18.237 Memory,,,,,true,,0,0,0,0,null,0,0,0
1749974133710,18765,172.21.18.237 CPU,,,,,true,,0,0,0,0,null,0,0,0
1749974133710,15542,172.21.18.237 Memory,,,,,true,,0,0,0,0,null,0,0,0
1749974134710,17632,172.21.18.237 CPU,,,,,true,,0,0,0,0,null,0,0,0
1749974134710,15466,172.21.18.237 Memory,,,,,true,,0,0,0,0,null,0,0,0
1749974135711,20710,172.21.18.237 CPU,,,,,true,,0,0,0,0,null,0,0,0
1749974135711,15403,172.21.18.237 Memory,,,,,true,,0,0,0,0,null,0,0,0
1749974136711,14297,172.21.18.237 CPU,,,,,true,,0,0,0,0,null,0,0,0
1749974136711,15467,172.21.18.237 Memory,,,,,true,,0,0,0,0,null,0,0,0
1749974137712,26751,172.21.18.237 CPU,,,,,true,,0,0,0,0,null,0,0,0
1749974137712,15443,172.21.18.237 Memory,,,,,true,,0,0,0,0,null,0,0,0
1749974138713,15864,172.21.18.237 CPU,,,,,true,,0,0,0,0,null,0,0,0
1749974138713,15406,172.21.18.237 Memory,,,,,true,,0,0,0,0,null,0,0,0
1749974139713,20575,172.21.18.237 CPU,,,,,true,,0,0,0,0,null,0,0,0
1749974139713,15430,172.21.18.237 Memory,,,,,true,,0,0,0,0,null,0,0,0
1749974140714,20787,172.21.18.237 CPU,,,,,true,,0,0,0,0,null,0,0,0
1749974140714,15382,172.21.18.237 Memory,,,,,true,,0,0,0,0,null,0,0,0
1749974141714,26883,172.21.18.237 CPU,,,,,true,,0,0,0,0,null,0,0,0
1749974141714,15375,172.21.18.237 Memory,,,,,true,,0,0,0,0,null,0,0,0
1749974142715,21989,172.21.18.237 CPU,,,,,true,,0,0,0,0,null,0,0,0
1749974142715,15419,172.21.18.237 Memory,,,,,true,,0,0,0,0,null,0,0,0
1749974143716,19898,172.21.18.237 CPU,,,,,true,,0,0,0,0,null,0,0,0
1749974143716,15417,172.21.18.237 Memory,,,,,true,,0,0,0,0,null,0,0,0
1749974144716,13338,172.21.18.237 CPU,,,,,true,,0,0,0,0,null,0,0,0
1749974144716,15374,172.21.18.237 Memory,,,,,true,,0,0,0,0,null,0,0,0
1749974145716,13065,172.21.18.237 CPU,,,,,true,,0,0,0,0,null,0,0,0
1749974145716,15296,172.21.18.237 Memory,,,,,true,,0,0,0,0,null,0,0,0
1749974146717,21048,172.21.18.237 CPU,,,,,true,,0,0,0,0,null,0,0,0
1749974146717,15394,172.21.18.237 Memory,,,,,true,,0,0,0,0,null,0,0,0
1749974147717,17863,172.21.18.237 CPU,,,,,true,,0,0,0,0,null,0,0,0
1749974147717,15399,172.21.18.237 Memory,,,,,true,,0,0,0,0,null,0,0,0
1749974148718,28958,172.21.18.237 CPU,,,,,true,,0,0,0,0,null,0,0,0
1749974148718,15260,172.21.18.237 Memory,,,,,true,,0,0,0,0,null,0,0,0
1749974149718,15732,172.21.18.237 CPU,,,,,true,,0,0,0,0,null,0,0,0
1749974149718,15215,172.21.18.237 Memory,,,,,true,,0,0,0,0,null,0,0,0
1749974150718,26497,172.21.18.237 CPU,,,,,true,,0,0,0,0,null,0,0,0
1749974150718,15246,172.21.18.237 Memory,,,,,true,,0,0,0,0,null,0,0,0
1749974151719,26497,172.21.18.237 CPU,,,,,true,,0,0,0,0,null,0,0,0
1749974151719,15246,172.21.18.237 Memory,,,,,true,,0,0,0,0,null,0,0,0
1749974152719,26497,172.21.18.237 CPU,,,,,true,,0,0,0,0,null,0,0,0
1749974152719,15246,172.21.18.237 Memory,,,,,true,,0,0,0,0,null,0,0,0
1749974153719,26497,172.21.18.237 CPU,,,,,true,,0,0,0,0,null,0,0,0
1749974153719,15246,172.21.18.237 Memory,,,,,true,,0,0,0,0,null,0,0,0
1749974154720,18561,172.21.18.237 CPU,,,,,true,,0,0,0,0,null,0,0,0
1749974154720,15135,172.21.18.237 Memory,,,,,true,,0,0,0,0,null,0,0,0
1749974155720,15267,172.21.18.237 CPU,,,,,true,,0,0,0,0,null,0,0,0
1749974155720,15148,172.21.18.237 Memory,,,,,true,,0,0,0,0,null,0,0,0
1749974156720,16666,172.21.18.237 CPU,,,,,true,,0,0,0,0,null,0,0,0
1749974156720,15222,172.21.18.237 Memory,,,,,true,,0,0,0,0,null,0,0,0
1749974157720,21875,172.21.18.237 CPU,,,,,true,,0,0,0,0,null,0,0,0
1749974157720,15210,172.21.18.237 Memory,,,,,true,,0,0,0,0,null,0,0,0
1749974158721,12531,172.21.18.237 CPU,,,,,true,,0,0,0,0,null,0,0,0
1749974158721,15219,172.21.18.237 Memory,,,,,true,,0,0,0,0,null,0,0,0
1749974159721,18686,172.21.18.237 CPU,,,,,true,,0,0,0,0,null,0,0,0
1749974159721,15230,172.21.18.237 Memory,,,,,true,,0,0,0,0,null,0,0,0
1749974160722,16526,172.21.18.237 CPU,,,,,true,,0,0,0,0,null,0,0,0
1749974160722,15175,172.21.18.237 Memory,,,,,true,,0,0,0,0,null,0,0,0
1749974161722,30690,172.21.18.237 CPU,,,,,true,,0,0,0,0,null,0,0,0
1749974161722,15238,172.21.18.237 Memory,,,,,true,,0,0,0,0,null,0,0,0
1749974162722,23031,172.21.18.237 CPU,,,,,true,,0,0,0,0,null,0,0,0
1749974162722,15087,172.21.18.237 Memory,,,,,true,,0,0,0,0,null,0,0,0
1749974163722,16471,172.21.18.237 CPU,,,,,true,,0,0,0,0,null,0,0,0
1749974163722,15102,172.21.18.237 Memory,,,,,true,,0,0,0,0,null,0,0,0
1749974164723,14055,172.21.18.237 CPU,,,,,true,,0,0,0,0,null,0,0,0
1749974164723,15119,172.21.18.237 Memory,,,,,true,,0,0,0,0,null,0,0,0
1749974165723,18312,172.21.18.237 CPU,,,,,true,,0,0,0,0,null,0,0,0
1749974165723,14982,172.21.18.237 Memory,,,,,true,,0,0,0,0,null,0,0,0
1749974166724,17753,172.21.18.237 CPU,,,,,true,,0,0,0,0,null,0,0,0
1749974166724,15224,172.21.18.237 Memory,,,,,true,,0,0,0,0,null,0,0,0
1749974167725,23415,172.21.18.237 CPU,,,,,true,,0,0,0,0,null,0,0,0
1749974167725,15186,172.21.18.237 Memory,,,,,true,,0,0,0,0,null,0,0,0
1749974168725,12742,172.21.18.237 CPU,,,,,true,,0,0,0,0,null,0,0,0
1749974168725,15224,172.21.18.237 Memory,,,,,true,,0,0,0,0,null,0,0,0
1749974169726,17607,172.21.18.237 CPU,,,,,true,,0,0,0,0,null,0,0,0
1749974169726,15179,172.21.18.237 Memory,,,,,true,,0,0,0,0,null,0,0,0
1749974170726,16120,172.21.18.237 CPU,,,,,true,,0,0,0,0,null,0,0,0
1749974170726,15167,172.21.18.237 Memory,,,,,true,,0,0,0,0,null,0,0,0
1749974171727,20672,172.21.18.237 CPU,,,,,true,,0,0,0,0,null,0,0,0
1749974171727,15223,172.21.18.237 Memory,,,,,true,,0,0,0,0,null,0,0,0
1749974172728,16736,172.21.18.237 CPU,,,,,true,,0,0,0,0,null,0,0,0
1749974172728,15194,172.21.18.237 Memory,,,,,true,,0,0,0,0,null,0,0,0
1749974173728,21859,172.21.18.237 CPU,,,,,true,,0,0,0,0,null,0,0,0
1749974173728,15172,172.21.18.237 Memory,,,,,true,,0,0,0,0,null,0,0,0
1749974174728,17869,172.21.18.237 CPU,,,,,true,,0,0,0,0,null,0,0,0
1749974174728,15133,172.21.18.237 Memory,,,,,true,,0,0,0,0,null,0,0,0
1749974175728,17523,172.21.18.237 CPU,,,,,true,,0,0,0,0,null,0,0,0
1749974175728,15133,172.21.18.237 Memory,,,,,true,,0,0,0,0,null,0,0,0
1749974176728,10437,172.21.18.237 CPU,,,,,true,,0,0,0,0,null,0,0,0
1749974176728,15116,172.21.18.237 Memory,,,,,true,,0,0,0,0,null,0,0,0
1749974177729,17197,172.21.18.237 CPU,,,,,true,,0,0,0,0,null,0,0,0
1749974177729,15150,172.21.18.237 Memory,,,,,true,,0,0,0,0,null,0,0,0
1749974178730,12584,172.21.18.237 CPU,,,,,true,,0,0,0,0,null,0,0,0
1749974178730,15188,172.21.18.237 Memory,,,,,true,,0,0,0,0,null,0,0,0
1749974179731,21301,172.21.18.237 CPU,,,,,true,,0,0,0,0,null,0,0,0
1749974179731,15304,172.21.18.237 Memory,,,,,true,,0,0,0,0,null,0,0,0
1749974180732,23450,172.21.18.237 CPU,,,,,true,,0,0,0,0,null,0,0,0
1749974180732,15221,172.21.18.237 Memory,,,,,true,,0,0,0,0,null,0,0,0
1749974181732,23450,172.21.18.237 CPU,,,,,true,,0,0,0,0,null,0,0,0
1749974181732,15221,172.21.18.237 Memory,,,,,true,,0,0,0,0,null,0,0,0
1749974182732,23450,172.21.18.237 CPU,,,,,true,,0,0,0,0,null,0,0,0
1749974182732,15221,172.21.18.237 Memory,,,,,true,,0,0,0,0,null,0,0,0
1749974183732,23450,172.21.18.237 CPU,,,,,true,,0,0,0,0,null,0,0,0
1749974183732,15221,172.21.18.237 Memory,,,,,true,,0,0,0,0,null,0,0,0
1749974184733,17192,172.21.18.237 CPU,,,,,true,,0,0,0,0,null,0,0,0
1749974184733,15086,172.21.18.237 Memory,,,,,true,,0,0,0,0,null,0,0,0
1749974185733,16400,172.21.18.237 CPU,,,,,true,,0,0,0,0,null,0,0,0
1749974185733,15208,172.21.18.237 Memory,,,,,true,,0,0,0,0,null,0,0,0
1749974186733,20941,172.21.18.237 CPU,,,,,true,,0,0,0,0,null,0,0,0
1749974186733,15179,172.21.18.237 Memory,,,,,true,,0,0,0,0,null,0,0,0
1749974187734,20416,172.21.18.237 CPU,,,,,true,,0,0,0,0,null,0,0,0
1749974187734,15211,172.21.18.237 Memory,,,,,true,,0,0,0,0,null,0,0,0
1749974188734,21717,172.21.18.237 CPU,,,,,true,,0,0,0,0,null,0,0,0
1749974188734,15192,172.21.18.237 Memory,,,,,true,,0,0,0,0,null,0,0,0
